{"name":"tortasTypes","identifier":"LC72E9PQ4P","description":null,"slotTypeValues":[{"sampleValue":{"value":"Pastor"},"synonyms":null},{"sampleValue":{"value":"Maciza"},"synonyms":null},{"sampleValue":{"value":"Suadero"},"synonyms":null},{"sampleValue":{"value":"Longaniza"},"synonyms":null},{"sampleValue":{"value":"Pechuga"},"synonyms":null},{"sampleValue":{"value":"Bistec"},"synonyms":null}],"parentSlotTypeSignature":null,"valueSelectionSetting":{"resolutionStrategy":"ORIGINAL_VALUE","regexFilter":null}}