{"name":"OrdenarMenu","identifier":"TYLZ46D5RI","description":"El usuario puede ordenar algo del menu","parentIntentSignature":null,"sampleUtterances":[{"utterance":"Buenas tardes, cuentan con servicio?"},{"utterance":"Me gustaria realizar un pedido"},{"utterance":"Quiero ordernar un alambre"},{"utterance":"quiero una costra"},{"utterance":"quiero una bebida"},{"utterance":"quiero un volcan "},{"utterance":"quiero una cerveza "},{"utterance":"quiero una torta "},{"utterance":"quiero ordenar un postre "},{"utterance":"buenas jefe, puedo pedir?"}],"intentConfirmationSetting":{"isActive":true,"declinationResponse":{"allowInterrupt":true,"messageGroupsList":[{"message":{"imageResponseCard":null,"ssmlMessage":null,"customPayload":null,"plainTextMessage":{"value":"Ok procesaremos su solicitud"}},"variations":null}]},"confirmationNextStep":{"dialogAction":{"type":"FulfillIntent","suppressNextMessage":null,"slotToElicit":null},"intent":{"name":null,"slots":null},"sessionAttributes":null},"failureNextStep":{"dialogAction":{"type":"StartIntent","suppressNextMessage":null,"slotToElicit":null},"intent":{"name":"FallbackIntent","slots":null},"sessionAttributes":null},"elicitationCodeHook":{"enableCodeHookInvocation":true,"invocationLabel":null},"declinationNextStep":{"dialogAction":{"type":"EndConversation","suppressNextMessage":null,"slotToElicit":null},"intent":{"name":null,"slots":null},"sessionAttributes":null},"promptSpecification":{"allowInterrupt":true,"messageSelectionStrategy":"Random","promptAttemptsSpecification":{"Initial":{"allowedInputTypes":{"allowAudioInput":true,"allowDTMFInput":true},"audioAndDTMFInputSpecification":{"dtmfSpecification":{"maxLength":513,"deletionCharacter":"*","endCharacter":"#","endTimeoutMs":5000},"startTimeoutMs":4000,"audioSpecification":{"maxLengthMs":15000,"endTimeoutMs":640}},"allowInterrupt":true,"textInputSpecification":{"startTimeoutMs":30000}},"Retry2":{"allowedInputTypes":{"allowAudioInput":true,"allowDTMFInput":true},"audioAndDTMFInputSpecification":{"dtmfSpecification":{"maxLength":513,"deletionCharacter":"*","endCharacter":"#","endTimeoutMs":5000},"startTimeoutMs":4000,"audioSpecification":{"maxLengthMs":15000,"endTimeoutMs":640}},"allowInterrupt":true,"textInputSpecification":{"startTimeoutMs":30000}},"Retry1":{"allowedInputTypes":{"allowAudioInput":true,"allowDTMFInput":true},"audioAndDTMFInputSpecification":{"dtmfSpecification":{"maxLength":513,"deletionCharacter":"*","endCharacter":"#","endTimeoutMs":5000},"startTimeoutMs":4000,"audioSpecification":{"maxLengthMs":15000,"endTimeoutMs":640}},"allowInterrupt":true,"textInputSpecification":{"startTimeoutMs":30000}},"Retry3":{"allowedInputTypes":{"allowAudioInput":true,"allowDTMFInput":true},"audioAndDTMFInputSpecification":{"dtmfSpecification":{"maxLength":513,"deletionCharacter":"*","endCharacter":"#","endTimeoutMs":5000},"startTimeoutMs":4000,"audioSpecification":{"maxLengthMs":15000,"endTimeoutMs":640}},"allowInterrupt":true,"textInputSpecification":{"startTimeoutMs":30000}},"Retry4":{"allowedInputTypes":{"allowAudioInput":true,"allowDTMFInput":true},"audioAndDTMFInputSpecification":{"dtmfSpecification":{"maxLength":513,"deletionCharacter":"*","endCharacter":"#","endTimeoutMs":5000},"startTimeoutMs":4000,"audioSpecification":{"maxLengthMs":15000,"endTimeoutMs":640}},"allowInterrupt":true,"textInputSpecification":{"startTimeoutMs":30000}}},"messageGroupsList":[{"message":{"imageResponseCard":null,"ssmlMessage":null,"customPayload":null,"plainTextMessage":{"value":"Desea ordenar algo mas?"}},"variations":null}],"maxRetries":4}},"intentClosingSetting":{"isActive":true,"closingResponse":{"allowInterrupt":true,"messageGroupsList":[{"message":{"imageResponseCard":null,"ssmlMessage":null,"customPayload":null,"plainTextMessage":{"value":"Muchas gracias "}},"variations":null}]},"nextStep":{"dialogAction":{"type":"EndConversation","suppressNextMessage":null,"slotToElicit":null},"intent":{"name":null,"slots":null},"sessionAttributes":null}},"initialResponseSetting":{"initialResponse":{"allowInterrupt":true,"messageGroupsList":[{"message":{"imageResponseCard":null,"ssmlMessage":null,"customPayload":null,"plainTextMessage":{"value":"Por supuesto! :)"}},"variations":[{"imageResponseCard":null,"ssmlMessage":null,"customPayload":null,"plainTextMessage":{"value":"Claroooo que si!"}}]}]},"conditional":null,"codeHook":{"isActive":true,"enableCodeHookInvocation":true,"invocationLabel":null,"postCodeHookSpecification":{"successNextStep":{"dialogAction":{"type":"ElicitSlot","suppressNextMessage":null,"slotToElicit":"TipoOrden"},"intent":{"name":null,"slots":null},"sessionAttributes":null},"successResponse":null,"failureResponse":null,"failureNextStep":{"dialogAction":{"type":"EndConversation","suppressNextMessage":null,"slotToElicit":null},"intent":{"name":null,"slots":null},"sessionAttributes":null},"failureConditional":null,"timeoutNextStep":{"dialogAction":{"type":"EndConversation","suppressNextMessage":null,"slotToElicit":null},"intent":{"name":null,"slots":null},"sessionAttributes":null},"timeoutConditional":null,"successConditional":null,"timeoutResponse":null}},"nextStep":{"dialogAction":{"type":"InvokeDialogCodeHook","suppressNextMessage":null,"slotToElicit":null},"intent":{"name":null,"slots":null},"sessionAttributes":null}},"inputContexts":null,"outputContexts":null,"kendraConfiguration":null,"dialogCodeHook":{"enabled":false},"fulfillmentCodeHook":{"isActive":true,"fulfillmentUpdatesSpecification":null,"postFulfillmentStatusSpecification":{"successNextStep":{"dialogAction":{"type":"CloseIntent","suppressNextMessage":null,"slotToElicit":null},"intent":{"name":null,"slots":null},"sessionAttributes":null},"successResponse":{"allowInterrupt":true,"messageGroupsList":[{"message":{"imageResponseCard":null,"ssmlMessage":null,"customPayload":null,"plainTextMessage":{"value":"Muchas gracias por ordenar con nosotros :)"}},"variations":null}]},"failureResponse":{"allowInterrupt":true,"messageGroupsList":[{"message":{"imageResponseCard":null,"ssmlMessage":null,"customPayload":null,"plainTextMessage":{"value":"No pudimos entener su pedidoc:("}},"variations":null}]},"failureNextStep":{"dialogAction":{"type":"CloseIntent","suppressNextMessage":null,"slotToElicit":null},"intent":{"name":null,"slots":null},"sessionAttributes":null},"timeoutNextStep":{"dialogAction":{"type":"CloseIntent","suppressNextMessage":null,"slotToElicit":null},"intent":{"name":null,"slots":null},"sessionAttributes":null},"timeoutResponse":null},"enabled":false},"slotPriorities":[{"priority":2,"slotName":"Tipobebidas"},{"priority":1,"slotName":"TipoOrden"},{"priority":3,"slotName":"tipoPostre"}]}