{"name":"bebidaTypes","identifier":"CTV45DQWJN","description":null,"slotTypeValues":[{"sampleValue":{"value":"Refresco"},"synonyms":null},{"sampleValue":{"value":"Agua Natural"},"synonyms":null},{"sampleValue":{"value":"Agua de Jamaica"},"synonyms":null},{"sampleValue":{"value":"Agua de Horchata"},"synonyms":null},{"sampleValue":{"value":"Cerveza de botella"},"synonyms":null},{"sampleValue":{"value":"Cerveza de barril"},"synonyms":null},{"sampleValue":{"value":"Cerveza de Litro"},"synonyms":null},{"sampleValue":{"value":"Michelada de un litro "},"synonyms":null},{"sampleValue":{"value":"Michelato de un litro "},"synonyms":null}],"parentSlotTypeSignature":null,"valueSelectionSetting":{"resolutionStrategy":"ORIGINAL_VALUE","regexFilter":null}}