{"name":"ordenTypes","identifier":"6VI24EODEA","description":null,"slotTypeValues":[{"sampleValue":{"value":"Alambres"},"synonyms":null},{"sampleValue":{"value":"Volcanes"},"synonyms":null},{"sampleValue":{"value":"Costras"},"synonyms":null},{"sampleValue":{"value":"Bebidas"},"synonyms":null},{"sampleValue":{"value":"Cervezas"},"synonyms":null},{"sampleValue":{"value":"Tortas"},"synonyms":null},{"sampleValue":{"value":"Postres"},"synonyms":null}],"parentSlotTypeSignature":null,"valueSelectionSetting":{"resolutionStrategy":"ORIGINAL_VALUE","regexFilter":null}}