{"name":"sociosTypes","identifier":"ASIAWTEOHX","description":"Esta ranura contiene el menu total","slotTypeValues":[{"sampleValue":{"value":"Alambre vegetariano "},"synonyms":null},{"sampleValue":{"value":"Alambre Pechuga"},"synonyms":null},{"sampleValue":{"value":"Alambre Chuleta"},"synonyms":null},{"sampleValue":{"value":"Alambre Costilla "},"synonyms":null},{"sampleValue":{"value":"Alambre Arachera"},"synonyms":null},{"sampleValue":{"value":"Costra Pastor"},"synonyms":null},{"sampleValue":{"value":"Costra Pechuga"},"synonyms":null},{"sampleValue":{"value":"Costra Bistec"},"synonyms":null},{"sampleValue":{"value":"Volcan Pastor "},"synonyms":null},{"sampleValue":{"value":"Volcan Pechuga "},"synonyms":null},{"sampleValue":{"value":"Volcan Bistec"},"synonyms":null},{"sampleValue":{"value":"Torta Pastor"},"synonyms":null},{"sampleValue":{"value":"Torta Maciza "},"synonyms":null},{"sampleValue":{"value":"Torta Suadero"},"synonyms":null},{"sampleValue":{"value":"Torta Longaniza"},"synonyms":null},{"sampleValue":{"value":"Torta Pechuga "},"synonyms":null},{"sampleValue":{"value":"Torta Bistec"},"synonyms":null}],"parentSlotTypeSignature":null,"valueSelectionSetting":{"resolutionStrategy":"ORIGINAL_VALUE","regexFilter":null}}